WORD	PAST	PAST-PARTICIPLE	PRESENT-PARTICIPLE	
abandon			
abase			
abash			
abate			
abbreviate			
abdicate			
abduct			
abet			
abhor			
abide			
abjure			
abolish			
abominate			
abort			
abound			
about-face			
abrade			
abridge			
abrogate			
abscond			
absent			
absolve			
absorb			
abstain			
abstract			
abuse			
abut			
accede			
accelerate			
accent			
accentuate			
accept			
access			
acclaim			
acclimate			
acclimatize			
accommodate			
accompany			
accomplish			
accord			
accost			
account			
accredit			
accrue			
accumulate			
accuse			
accustom			
ache			
achieve			
acidify			
acknowledge			
acquaint			
acquiesce			
acquire			
acquit	acquitted	acquitted	acquitting
act			
activate			
actuate			
ad-lib			
adapt			
add			
addict			
addle			
address			
adduce			
adhere			
adjoin			
adjourn			
adjudge			
adjudicate			
adjure			
adjust			
administer			
admire			
admit			
admix			
admonish			
adopt			
adore			
adorn			
adulterate			
adumbrate			
advance			
adventure			
advert			
advertise			
advertize			
advise			
advocate			
aerate			
affect			
affiance			
affiliate			
affirm			
affix			
afflict			
afford			
afforest			
affranchise			
affront			
age			
agglomerate			
agglutinate			
aggrandize			
aggravate			
aggregate			
aggrieve			
agitate			
agree			agreeing
aid			
ail			
aim			
air			
alarm			
alert			
alienate			
alight	(alit alighted)	(alit alighted)	
align			
alkylate			
allay			
allege			
alleviate			
allocate			
allot			
allow			
alloy			
allude			
allure			
ally			
alter			
alternate			
amalgamate			
amass			
amaze			
amble			
ambush			
ameliorate			
amend			
amortize			
amount			
amplify			
amputate			
amuse			
anaesthetize			
analyse			
analyze			
anathematize			
anchor			
anesthetize			
anger			
angle			
anglicize			
animadvert			
animate			
anneal			
annex			
annihilate			
annotate			
announce			
annoy			
annualize			
annul			
annunciate			
anoint			
answer			
antagonize			
antedate			
anticipate			
ape			
apologize			
apostrophize			
appal			
apparel	(apparelled appareled)	(apparelled appareled)	(apparelling appareling)
appeal			
appear			
appease			
append			
appertain			
applaud			
applique	appliqueed	appliqueed	appliqueing
appliqu√©			
apply			
appoint			
apportion			
appraise			
appreciate			
apprehend			
apprentice			
apprise			
approach			
appropriate			
approve			
approximate			
aquaplane			
arbitrate			
arch			
argue			
arise	arose	arisen	
arm			
arouse			
arraign			
arrange			
array			
arrest			
arrive			
arrogate			
article			
articulate			
ascend			
ascertain			
ascribe			
ask			
asperse			
asphalt			
asphyxiate			
aspirate			
aspire			
assail			
assassinate			
assault			
assay			
assemble			
assent			
assert			
assess			
asseverate			
assign			
assimilate			
assist			
associate			
assuage			
assume			
assure			
astonish			
astound			
atomize			
atone			
atrophy			
attach			
attack			
attain			
attempt			
attend			
attenuate			
attest			
attire			
attitudinize			
attract			
attribute			
attune			
auction			
audit			
audition			
augment			
augur			
authenticate			
author			
authorize			
autograph			
automate			
avail			
avenge			
aver			
average			
avert			
avoid			
avow			
await			
awaken			
award			
awe			
ax			
axe			
baa			
babble			
baby			
babysit	babysat	babysat	
back			
backbite	backbit	backbit	
backdate			
backfire			
backpedal			
backslide	backslid	backslid	
backspace			
badger			
baffle			
bag			
bail			
bait			
bake			
balance			
bale			
balk			
ball			
ballast			
balloon			
ballot			
bamboozle			
ban			
band			
bandage			
bandy			
bang			
banish			
bank			
bankrupt			
banquet			
banter			
baptize			
bar			
barbarize			
barbecue			
bare			
bargain			
barge			
bark			
barnstorm			
barrack			
barrel	(barrelled barreled)	(barrelled barreled)	(barrelling barreling)
barricade			
barter			
base			
bash			
bask			
bastardize			
baste			
bastinado			
bat			
bate			
bathe			
batten			
batter			
battle			
baulk			
bawl			
bay			
bayonet			
be		been	being
be (contraction)		*NONE*	*NONE*
be (negated)		*NONE*	*NONE*
beach			
beam			
bear	bore	(borne born)	
beard			
beat	beat	beaten	
beatify			
beautify			
beaver			
beckon			
become	became	become	
bed			
bedevil			
beef			
beetle			
befall	befell	befallen	
befit			
befoul			
befriend			
beg			
beget	(begot begat)	begotten	
beggar			
begin	began	begun	
begrudge			
beguile			
behave			
behead			
behold	beheld	beheld	
behoove			
behove			
belabor			
belabour			
belay			
belch			
beleaguer			
belie			belying
believe			
belittle			
bell			
bellow			
belly			
bellyache			
bellyland			
bellylaugh			
belong			
belt			
bemoan			
bend		bent	
benefit			
bequeath			
berate			
bereave		bereft	
berth			
beseech			
beseem			
beset	beset	beset	
besiege			
besmear			
besmirch			
bespeak	bespoke	bespoken	
best			
bestir			
bestow			
bestrew		bestrewn	
bestride	bestrode	bestridden	
bet			
betake	betook	betaken	
bethink	bethought	bethought	
betide			
betoken			
betray			
betroth			
better			
bevel	(bevelled beveled)	(bevelled beveled)	(bevelling beveling)
bewail			
beware	*NONE*	*NONE*	*NONE*
bewilder			
bewitch			
bias			
bib			
bicker			
bicycle			
bid	bid	(bid bade)	
bide			
biff			
bifurcate			
bike			
bilk			
bill			
billet			
billow			
bind	bound	bound	
birch			
birdie			
bisect			
bitch			
bite	bit	bitten	
bivouac	bivouacked	bivouacked	bivouacking
blab			
blabber			
black			
black-lead			
blackball			
blacken			
blackguard			
blackleg			
blacklist			
blackmail			
blame			
blanch			
blanket			
blare			
blaspheme			
blast			
blather			
blaze			
blazon			
bleach			
bleat			
bleed	bled	bled	
bleep			
blemish			
blench			
blend			
bless			
blether			
blight			
blind			
blindfold			
blink			
blister			
blitz			
block			
blockade			
blood			
bloody			
bloom			
blossom			
blot			
blow	blew	blown	
blow-dry			
blubber			
bludgeon			
blue			
blue-pencil			
bluff			
blunder			
blunt			
blur			
blurt			
blush			
bluster			
board			
boast			
boat			
bob			
bode			
bog			
boggle			
boil			
bolster			
bolt			
bomb			
bombard			
bond			
bone			
boo			
boob			
book			
boom			
boost			
boot			
bootleg			
booze			
border			
bore			
borrow			
boss			
botanize			
botch			
bother			
bottle			
bottom			
bounce			
bound			
bow			
bowdlerize			
bowl			
box			
boycott			
brace			
bracket			
brag			
braid			
brain			
brainwash			
braise			
brake			
branch			
brand			
brandish			
brave			
brawl			
bray			
braze			
brazen			
breach			
break	broke	broken	
breakfast			
breast			
breastfeed	breastfed	breastfed	
breathe			
breed	bred	bred	
breeze			
brew			
bribe			
brick			
bridge			
bridle			
brief			
brighten			
brim			
bring	brought	brought	
bristle			
broach			
broadcast			
broaden			
brocade			
broil			
broker			
bronze			
brood			
brook			
browbeat	browbeat	browbeaten	
brown			
browse			
bruise			
bruit			
brush			
brutalize			
bubble			
buck			
bucket			
buckle			
bud			
budge			
budget			
buff			
buffet			
bug			
bugger			
build	built	built	
bulge			
bulk			
bulldoze			
bullshit			
bully			
bum			
bumble			
bump			
bunch			
bundle			
bung			
bungle			
bunk			
bunker			
buoy			
burble			
burden			
burgeon			
burgle			
burke			
burlesque			
burn			
burnish			
burp			
burrow			
burst	burst	burst	
bury			
bus			
bust			
bustle			
busy			
butcher			
butt			
butter			
button			
buttonhole			
buttress			
buy	bought	bought	
buzz			
bypass			
cable			
cache			
cackle			
cadge			
cage			
cajole			
cake			
calcify			
calcine			
calculate			
calender			
calibrate			
calk			
call			
calm			
calumniate			
calve			
camber			
camouflage			
camp			
campaign			
can			
canalize			
cancel	(cancelled canceled)	(cancelled canceled)	
candy			
cane			
canker			
cannibalize			
canoe			canoeing
canonize			
cant			
canter			
canvass			
cap			
caparison			
caper			
capitalize			
capitulate			
capsize			
captain			
captivate			
capture			
carbonize			
card			
care			
careen			
career			
caress			
caricature			
carol			
carouse			
carp			
carpet			
carry			
cart			
cartoon			
carve			
cascade			
case			
cash			
cashier			
cast	cast	cast	
castigate			
castle			
castrate			
catalogue			
catapult			
catcall			
catch	(caught catched)	(caught catched)	
catechize			
categorize			
cater			
caterwaul			
caulk			
cause			
cauterize			
caution			
cave			
cavil	(cavilled caviled)	(cavilled caviled)	(cavilling caviling)
cavort			
caw			
cease			
cede			
celebrate			
cement			
censor			
censure			
center			
centralize			
centre			
certificate			
certify			
chafe			
chaff			
chagrin	(chagrined chagrinned)	(chagrined chagrinned)	(chagrining chagrinning)
chain			
chair			
chalk			
challenge			
champ			
champion			
chance			
change			
channel	(channelled channeled)	(channelled channeled)	(channelling channeling)
chant			
chap			
chaperon			
char			
characterize			
charge			
charm			
chart			
charter			
chase			
chasten			
chastise			
chat			
chatter			
chaw			
cheapen			
cheat			
check			
checker			
checkmate			
cheep			
cheer			
chequer			
cherish			
chew			
chide			
chill			
chime			
chink			
chip			
chirp			
chirrup			
chisel	(chiselled chiseled)	(chiselled chiseled)	(chiselling chiseling)
chivvy			
chivy			
chlorinate			
chock			
choke			
choose	chose	chosen	
chop			
chortle			
chorus	(chorused chorussed)	(chorused chorussed)	(chorusing chorussing)
christen			
chronicle			
chuck			
chuckle			
chug			
chum			
churn			
cipher			
circle			
circularize			
circulate			
circumcise			
circumnavigate			
circumscribe			
circumvent			
cite			
civilize			
clack			
claim			
clam			
clamber			
clamor			
clamour			
clamp			
clang			
clank			
clap			
clarify			
clash			
clasp			
class			
classify			
clatter			
claw			
clean			
cleanse			
clear			
cleave			
clench			
clerk			
clew			
click			
climax			
climb			
clinch			
cling	clung	clung	
clink			
clip			
clobber			
clock			
clog			
cloister			
close			
closet			
clot			
clothe			
cloud			
clout			
clown			
club			
cluck			
clump			
clunk			
cluster			
clutch			
clutter			
co-opt			
co-star			
coach			
coagulate			
coal			
coalesce			
coarsen			
coast			
coat			
coax			
cobble			
cock			
cocoon			
coddle			
code			
codevelop			
codify			
coerce			
coexist			
cofinance			
cogitate			
cohabit			
cohere			
coil			
coin			
coincide			
coke			
cold-shoulder			
collaborate			
collapse			
collar			
collate			
collect			
collectivize			
collide			
collocate			
colonize			
color			
colour			
comb			
combat			
combine			
combust			
come	came	come	
comfort			
command			
commandeer			
commemorate			
commence			
commend			
comment			
commentate			
commercialize			
commingle			
commiserate			
commission			
commit			
commune			
communicate			
commute			
compact			
compare			
compartmentalize			
compass			
compel			
compensate			
compete			
compile			
complain			
complement			
complete			
complicate			
compliment			
comply			
comport			
compose			
compost			
compound			
comprehend			
compress			
comprise			
compromise			
compute			
computerize			
comp`ere			
con			
conceal			
concede			
conceive			
concentrate			
concern			
concert			
conciliate			
conclude			
concoct			
concur			
condemn			
condense			
condescend			
condition			
condone			
conduct			
cone			
confab			
confabulate			
confederate			
confer			
confess			
confide			
configure			
confine			
confirm			
confiscate			
conflict			
conform			
confound			
confront			
confuse			
confute			
congeal			
conglomerate			
congratulate			
congregate			
conjecture			
conjoin			
conjugate			
conjure			
conk			
connect			
connive			
connote			
conquer			
conscript			
consecrate			
consent			
conserve			
consider			
consign			
consist			
console			
consolidate			
consort			
conspire			
constipate			
constitute			
constitutionalize			
constrain			
constrict			
construct			
construe			
consult			
consume			
consummate			
contact			
contain			
contaminate			
contemn			
contemplate			
contend			
content			
contest			
continue			
contort			
contour			
contract			
contradict			
contradistinguish			
contrast			
contravene			
contribute			
contrive			
control			
controvert			
contuse			
convalesce			
convene			
converge			
converse			
convert			
convey			
convict			
convince			
convoke			
convoy			
convulse			
coo			
cook			
cool			
coop			
cooperate			
coordinate			
cop			
cope			
copper			
copper-bottom			
copulate			
copy			
copyright			
cord			
cordon			
core			
cork			
corn			
corner			
corral			
correct			
correlate			
correspond			
corroborate			
corrode			
corrugate			
corrupt			
cosponsor			
cosset			
cost	(cost costed)	(cost costed)	
couch			
cough			
counsel	(counselled counseled)	(counselled counseled)	(counselling counseling)
count			
countenance			
counter			
counteract			
counterattack			
counterbalance			
counterfeit			
countermand			
countermine			
counterplot			
counterpoise			
countersign			
countertrade			
countervail			
couple			
course			
court			
court-martial			
covenant			
cover			
covet			
cow			
cower			
cox			
cozen			
crab			
crack			
crackle			
cradle			
craft			
cram			
cramp			
crane			
crank			
crap			
crash			
crash-dive			
crash-land			
crate			
crave			
crawl			
crayon			
creak			
cream			
crease			
create			
credit			
creep	crept	crept	
cremate			
crest			
crew			
crick			
crimp			
crimson			
cringe			
crinkle			
cripple			
crisp			
crisscross			
criticise			
criticize			
croak			
crochet			
crook			
croon			
crop			
cross			
cross-examine			
cross-fertilize			
cross-index			
cross-question			
crossbreed	crossbred	crossbred	
crosscheck			
crouch			
crow			
crowd			
crown			
crucify			
cruise			
crumble			
crumple			
crunch			
crusade			
crush			
crust			
cry			
crystallize			
cube			
cuckold			
cuddle			
cudgel			
cuff			
cull			
culminate			
cultivate			
cup			
curb			
curdle			
cure			
curl			
curry			
curse			
curtail			
curtain			
curtsey			
curtsy			
curve			
cushion			
customize			
cut	cut	cut	
cycle			
cyclostyle			
cypher			
dab			
dabble			
dally			
dam			
damage			
damascene			
damn			
damp			
dampen			
dance			
dandle			
dangle			
dapple			
dare			
darken			
darn			
dart			
dash			
date			
daub			
daunt			
dawdle			
dawn			
daydream			
daze			
dazzle			
de-escalate			
de-ice			
deaden			
deafen			
deal	dealt	dealt	
debag			
debar			
debark			
debase			
debate			
debauch			
debilitate			
debit			
debouch			
debrief			
debug			
debunk			
decamp			
decant			
decapitate			
decarbonize			
decay			
decease			
deceive			
decelerate			
decentralize			
decide			
decimalize			
decimate			
decipher			
deck			
declaim			
declare			
declassify			
decline			
decode			
decolonize			
decompose			
decompress			
decontaminate			
decontrol			
decorate			
decoy			
decrease			
decree			decreeing
decry			
dedicate			
deduce			
deduct			
deem			
deep-freeze			
deepen			
deface			
defame			
default			
defeat			
defecate			
defect			
defend			
defer			
defile			
define			
deflate			
deflect			
deflower			
defoliate			
deforest			
deform			
defraud			
defray			
defrock			
defrost			
defuse			
defy			
degauss			
degenerate			
degrade			
dehorn			
dehumanize			
dehydrate			
deify			
deign			
delay			
delegate			
delete			
deliberate			
delight			
delimit			
delineate			
deliver			
delouse			
delude			
deluge			
delve			
demagnetize			
demand			
demarcate			
demean			
demilitarize			
demob			
demobilize			
democratize			
demolish			
demonetize			
demonstrate			
demoralize			
demote			
demur			
denationalize			
denigrate			
denominate			
denote			
denounce			
dent			
denude			
deny			
deodorize			
depart			
depend			
depict			
deplane			
deplete			
deplore			
deploy			
depopulate			
deport			
depose			
deposit			
deprave			
deprecate			
depreciate			
depress			
deprive			
depute			
deputize			
derail			
derange			
derate			
deregulate			
derequisition			
derestrict			
deride			
derive			
derogate			
desalinate			
desalinize			
desalt			
descale			
descant			
descend			
describe			
descry			
desecrate			
desegregate			
desensitize			
desert			
deserve			
desiccate			
design			
designate			
desire			
desist			
desolate			
despair			
despatch			
despise			
despoil			
destabilize			
destine			
destroy			
detach			
detail			
detain			
detect			
deter			
deteriorate			
determine			
detest			
dethrone			
detonate			
detour			
detract			
detrain			
detribalize			
devaluate			
devalue			
devastate			
develop			
deviate			
devil			
devise			
devitalize			
devolve			
devote			
devour			
diagnose			
dial	(dialled dialed)	(dialled dialed)	(dialling dialing)
dibble			
dice			
dicker			
dictate			
diddle			
die			dying
diet			
differ			
differentiate			
diffract			
diffuse			
dig	dug	dug	
digest			
dignify			
digress			
dike			
dilate			
dilly-dally			
dilute			
dim			
diminish			
dimple			
din			
dine			
dip			
direct			
dirty			
disable			
disabuse			
disagree			disagreeing
disallow			
disappear			
disappoint			
disapprove			
disarm			
disarrange			
disarray			
disassociate			
disavow			
disband			
disbelieve			
disbud			
disburden			
disburse			
discard			
discern			
discharge			
discipline			
disclaim			
disclose			
discolor			
discolour			
discomfit			
discommode			
discompose			
disconcert			
disconnect			
discontent			
discontinue			
discount			
discountenance			
discourage			
discourse			
discover			
discredit			
discriminate			
discuss			
disdain			
disembark			
disembarrass			
disembody			
disembowel	(disembowelled disemboweled)	(disembowelled disemboweled)	(disembowelling
                                                                      disemboweling)
disenchant			
disencumber			
disenfranchise			
disengage			
disentangle			
disestablish			
disfavor			
disfavour			
disfigure			
disfranchise			
disgorge			
disgrace			
disguise			
disgust			
dish			
dishearten			
dishonor			
dishonour			
disillusion			
disincline			
disinfect			
disinfest			
disinherit			
disintegrate			
disinter			
disjoint			
dislike			
dislocate			
dislodge			
dismantle			
dismay			
dismember			
dismiss			
dismount			
disobey			
disoblige			
disorder			
disorganize			
disorient			
disorientate			
disown			
disparage			
dispatch			
dispel			
dispense			
disperse			
dispirit			
displace			
display			
displease			
disport			
dispose			
dispossess			
disprove			
dispute			
disqualify			
disquiet			
disregard			
disrobe			
disrupt			
dissatisfy			
dissect			
dissemble			
disseminate			
dissent			
dissever			
dissimulate			
dissipate			
dissociate			
dissolve			
dissuade			
distance			
distend			
distil			
distinguish			
distort			
distract			
distrain			
distress			
distribute			
distrust			
disturb			
disunite			
ditch			
dither			
divagate			
dive	(dove dived)		
dive-bomb			
diverge			
diversify			
divert			
divest			
divide			
divine			
divorce			
divulge			
dizzy			
do	did	done	
dock			
docket			
doctor			
document			
dodder			
dodge			
doff			
dog			
dogmatize			
dole			
doll			
domesticate			
dominate			
domineer			
don			
donate			
doodle			
doom			
dope			
dose			
doss			
dot			
dote			
double			
double-check			
double-cross			
double-park			
doubt			
douse			
dovetail			
dower			
down			
downgrade			
downplay			
dowse			
doze			
draft			
drag			
dragoon			
drain			
dramatize			
drape			
drat			
draw	drew	drawn	
drawl			
dread			
dream			
dredge			
drench			
dress			
dribble			
drift			
drill			
drink	drank	drunk	
drip			
drip-dry			
drive	drove	driven	
drivel			
drizzle			
drone			
drool			
droop			
drop			
drown			
drowse			
drub			
drudge			
drug			
drum			
dry			
dry-clean			
dub			
duck			
duel	(duelled dueled)	(duelled dueled)	(duelling dueling)
dull			
dumbfound			
dump			
dun			
dunk			
dupe			
duplicate			
dust			
dwarf			
dwell	dwelt		
dwindle			
dye			
dyke			
dynamite			
earmark			
earn			
earth			
ease			
eat	ate	eaten	
eavesdrop			
ebb			
echo			
eclipse			
economize			
eddy			
edge			
edify			
edit			
educate			
educe			
efface			
effect			
effervesce			
egg			
egotrip			
ejaculate			
eject			
eke			
elaborate			
elapse			
elate			
elbow			
elect			
electrify			
electrocute			
electrogalvanize			
electroplate			
elevate			
elicit			
elide			
eliminate			
elongate			
elope			
elucidate			
elude			
emaciate			
emanate			
emancipate			
emasculate			
embalm			
embargo			
embark			
embarrass			
embed			
embellish			
embezzle			
embitter			
emblazon			
embody			
embolden			
emboss			
embrace			
embroider			
embroil			
emend			
emerge			
emigrate			
emit			
empale			
empanel			
emphasize			
emplane			
employ			
empower			
empty			
emulate			
emulsify			
enable			
enact			
enamel	(enamelled enameled)	(enamelled enameled)	(enamelling enameling)
encamp			
encase			
enchain			
enchant			
encircle			
enclose			
encode			
encompass			
encore			
encounter			
encourage			
encroach			
encrust			
encumber			
end			
endanger			
endear			
endeavor			
endeavour			
endorse			
endow			
endue			
endure			
enervate			
enfeeble			
enfold			
enforce			
enfranchise			
engage			
engender			
engineer			
engraft			
engrave			
engross			
engulf			
enhance			
enjoin			
enjoy			
enkindle			
enlarge			
enlighten			
enlist			
enliven			
enmesh			
ennoble			
enplane			
enquire			
enrage			
enrapture			
enrich			
enrol			
enroll			
ensconce			
enshrine			
enshroud			
enslave			
ensnare			
ensue			
ensure			
entail			
entangle			
enter			
entertain			
enthral			
enthrall			
enthrone			
enthuse			
entice			
entitle			
entomb			
entrain			
entrance			
entrap			
entreat			
entrench			
entrust			
entwine			
enumerate			
enunciate			
envelop			
envenom			
envisage			
envision			
envy			
enwrap			
epitomize			
equal	(equalled equaled)	(equalled equaled)	(equalling equaling)
equalize			
equate			
equip	equipped	equipped	equipping
eradicate			
erase			
erect			
erode			
err			
erupt			
escalate			
escape			
eschew			
escort			
espouse			
espy			
establish			
esteem			
estimate			
estrange			
etch			
eulogize			
evacuate			
evade			
evaluate			
evaporate			
even			
evict			
evidence			
evince			
eviscerate			
evoke			
evolve			
exacerbate			
exact			
exaggerate			
exalt			
examine			
exasperate			
excavate			
exceed			
excel			
except			
exchange			
excise			
excite			
exclaim			
exclude			
excogitate			
excommunicate			
excoriate			
excrete			
exculpate			
excuse			
execrate			
execute			
exemplify			
exempt			
exercise			
exert			
exhale			
exhaust			
exhibit			
exhilarate			
exhort			
exhume			
exile			
exist			
exit			
exonerate			
exorcize			
expand			
expatiate			
expatriate			
expect			
expectorate			
expedite			
expel			
expend			
experience			
experiment			
expiate			
expire			
explain			
explicate			
explode			
exploit			
explore			
export			
expose			
expostulate			
expound			
express			
expropriate			
expunge			
expurgate			
extemporize			
extend			
extenuate			
exteriorize			
exterminate			
externalize			
extinguish			
extirpate			
extol			
extort			
extract			
extradite			
extrapolate			
extricate			
extrude			
exude			
exult			
eye			(eying eyeing)
fabricate			
face			
facilitate			
factor			
factorize			
fade			
fag			
fail			
faint			
fake			
fall	fell	fallen	
falsify			
falter			
familiarize			
famish			
fan			
fancy			
fare			
farm			
farrow			
fart			
fascinate			
fashion			
fast			
fasten			
fat			
fate			
father			
fathom			
fatigue			
fatten			
fault			
favor			
favour			
fawn			
fax			
fear			
feast			
featherbed			
feature			
federate			
fee			feeing
feed	fed	fed	
feel	felt	felt	
feign			
feint			
felicitate			
fell			
fence			
fend			
ferment			
ferret			
ferry			
fertilize			
fester			
festoon			
fetch			
feud			
fib			
fiddle			
fidget			
field			
fight	fought	fought	
figure			
filch			
file			
filibuster			
fill			
film			
filter			
filtrate			
finalize			
finance			
find	found	found	
fine			
finger			
finish			
fire			
firm			
fish			
fit			
fix			
fixate			
fizz			
fizzle			
flabbergast			
flag			
flagellate			
flail			
flake			
flame			
flank			
flap			
flare			
flash			
flatten			
flatter			
flaunt			
flavor			
flavour			
flay			
fleck			
flee	fled	fled	fleeing
fleece			
flex			
flick			
flicker			
flight			
flinch			
fling	flung	flung	
flip			
flirt			
flit			
float			
flock			
flog			
flood			
floodlight	(floodlit floodlighted)	(floodlit floodlighted)	
floor			
flop			
flounce			
flounder			
flour			
flourish			
flout			
flow			
flower			
fluctuate			
fluff			
flunk			
fluoridate			
fluoridize			
flurry			
flush			
fluster			
flute			
flutter			
fly	flew	flown	
fly-fish			
foam			
fob			
focus			
fog			
foil			
foist			
fold			
follow			
foment			
fondle			
fool			
foot			
footslog			
forage			
foray			
forbid	(forbade forbad)	forbidden	
force			
force-feed	force-fed	force-fed	
ford			
forearm			
forebode			
forecast			
foreclose			
foredoom			
foregather			
forego	forwent	forgone	forgoing
foreknow	forknew	forknown	forknowing
foreordain			
foresee	forsaw	forseen	forseeing
foreshadow			
foreshorten			
forestall			
foreswear	foreswore	foresworn	
foretell	foretold	foretold	
forewarn			
forfeit			
forgather			
forge			
forget	forgot	forgotten	
forgive	forgave	forgiven	
forgo	forwent	forgone	
fork			
form			
formalize			
formulate			
fornicate			
forsake	forsook	forsaken	
forswear	forswore	forsworn	
fortify			
forward			
fossilize			
foster			
foul			
found			
founder			
fowl			
fox			
foxhunt			
fracture			
fragment			
frame			
franchise			
frank			
fraternize			
fray			
freak			
freckle			
free			freeing
freelance			
freewheel			
freeze	froze	frozen	
frequent			
fresco			
freshen			
fret			
fright			
frighten			
fringe			
frisk			
fritter			
frivol			
frizz			
frizzle			
frolic	frolicked	frolicked	frolicking
front			
frost			
froth			
frown			
fructify			
frustrate			
fry			
fuck			
fuddle			
fuel	(fuelled fueled)	(fuelled fueled)	(fuelling fueling)
fulfil			
fulfill			
fulminate			
fumble			
fume			
fumigate			
function			
fund			
funnel	(funnelled funneled)	(funnelled funneled)	(funnelling funneling)
furbish			
furl			
furnish			
furrow			
fuse			
fuss			
f^ete			
gabble			
gad			
gag			
gain			
gainsay	gainsaid	gainsaid	
gall			
gallivant			
gallop			
galvanize			
gamble			
gambol			
game			
gang			
gangrene			
gape			
garage			
garb			
garble			
garden			
gargle			
garland			
garner			
garnish			
garotte			
garrison			
garrotte			
gas	gassed	gassed	gassing
gash			
gasify			
gasp			
gate			
gatecrash			
gather			
gauge			
gaze			
gazette			
gear			
gel			
geld			
generalize			
generate			
genuflect			
germinate			
gerrymander			
gesticulate			
gesture			
get	got	(got gotten)	
ghost			
gibber			
gibbet			
gibe			
gift			
giggle			
gild			
gin			
ginger			
gird			
girdle			
give	gave	given	
gladden			
glamorize			
glance			
glare			
glass			
glaze			
gleam			
glean			
glide			
glimmer			
glimpse			
glint			
glissade			
glisten			
glister			
glitter			
gloat			
globetrot			
glorify			
glory			
gloss			
glow			
glower			
glue			
glut			
gnash			
gnaw			
go	went	gone	
goad			
gobble			
goggle			
golf			
gong			
goof			
gore			
gorge			
gormandize			
gossip			
gouge			
govern			
gown			
grab			
grace			
grade			
graduate			
graft			
grant			
granulate			
grapple			
grasp			
grass			
grate			
gratify			
grave		graven	
gravel	(gravelled graveled)	(gravelled graveled)	(gravelling graveling)
gravitate			
gray			
graze			
grease			
greet			
grey			
grieve			
grill			
grimace			
grime			
grin			
grind	ground	ground	
grip			
grit			
grizzle			
groan			
groin			
groom			
groove			
grope			
gross			
grouch			
ground			
group			
grouse			
grovel	(grovelled groveled)	(grovelled groveled)	(grovelling groveling)
grow	grew	grown	
growl			
grub			
grudge			
grumble			
grunt			
guarantee			guaranteeing
guard			
guess			
guffaw			
guide			
guillotine			
gull			
gulp			
gum			
gun			
gurgle			
gush			
gut			
gutter			
guy			
guzzle			
gyp			
gyrate			
habituate			
hack			
haggle			
hail			
halloo			
hallow			
halt			
halve			
ham			
hammer			
hamper			
hamstring	(hamstringed hamstrungrung)	(hamstringed hamstrungrung)	
hand			
handcuff			
handicap			
handle			
hang	(hanged hung)	(hanged hung)	
hanker			
happen			
harangue			
harass			
harbor			
harbour			
harden			
hark			
harm			
harmonize			
harness			
harp			
harpoon			
harry			
harvest			
hash			
hassle			
hasten			
hatch			
hate			
haul			
haunt			
have	had	had	
have (negated)	hadn't	*NONE*	
have to	had to	had to	
haw			
hawk			
hazard			
haze			
head			
headquarter			
heal			
heap			
hear	heard	heard	
hearken			
hearten			
heat			
heave			
heckle			
hedge			
hedgehop			
heed			
heel			
heighten			
heliograph			
help			
hem			
hemstitch			
herald			
herd			
hesitate			
hew		(hewed hewn)	
hibernate			
hiccough			
hiccup			
hide	hid	hidden	
hie			
highjack			
highlight	(highlit highlighted)	(highlit highlighted)	
hijack			
hike			
hinder			
hinge			
hint			
hire			
hiss			
hit	hit	hit	
hitch			
hitchhike			
hive			
hoard			
hoax			
hobble			
hobnob			
hock			
hoe			hoeing
hog			
hoist			
hold	held	held	
hole			
holiday			
holler			
hollow			
holystone			
homogenize			
hone			
honeycomb			
honeymoon			
honk			
honor			
honour			
hoodwink			
hook			
hoop			
hoot			
hop			
hope			
horrify			
horsewhip			
hose			
hospitalize			
host			
hotfoot			
hound			
house			
hover			
howl			
huddle			
huff			
hug			
hull			
hum			
humanize			
humble			
humbug			
humidify			
humiliate			
humor			
humour			
hump			
hunch			
hunger			
hunt			
hurdle			
hurl			
hurry			
hurt	hurt	hurt	
hurtle			
husband			
hush			
husk			
hustle			
hybridize			
hydrate			
hyphen			
hyphenate			
hypnotize			
hypothecate			
ice			
ice-skate			
idealize			
identify			
idle			
idolize			
ignite			
ignore			
ill-treat			
ill-use			
illuminate			
illumine			
illustrate			
image			
imagine			
imbed			
imbibe			
imbue			
imitate			
immerse			
immigrate			
immobilize			
immolate			
immortalize			
immunize			
immure			
impact			
impair			
impale			
impanel			
impart			
impeach			
impede			
impel			
impend			
imperil			
impersonate			
impinge			
implant			
implement			
implicate			
implore			
imply			
import			
importune			
impose			
impound			
impoverish			
imprecate			
impregnate			
impress			
imprint			
imprison			
improve			
improvise			
impugn			
impulse-buy	impulse-bought	impulse-bought	
impute			
inactivate			
inaugurate			
incapacitate			
incarcerate			
incarnate			
incense			
inch			
incinerate			
incise			
incite			
incline			
inclose			
include			
incommode			
inconvenience			
incorporate			
increase			
incriminate			
incubate			
inculcate			
inculpate			
incur			
indemnify			
indent			
indenture			
index			
indicate			
indict			
indite			
individualize			
indoctrinate			
indorse			
induce			
induct			
indue			
indulge			
industrialize			
inebriate			
infatuate			
infect			
infer			
infest			
infiltrate			
inflame			
inflate			
inflect			
inflict			
influence			
inform			
infringe			
infuriate			
infuse			
ingest			
ingraft			
ingratiate			
inhabit			
inhale			
inherit			
inhibit			
initial	initialled	initialled	initialling
initiate			
inject			
injure			
ink			
inlay	inlaid	inlaid	
innovate			
inoculate			
inquire			
inscribe			
inseminate			
insert			
inset	inset	inset	
insinuate			
insist			
inspect			
inspire			
install			
instance			
instigate			
instil			
institute			
institutionalize			
instruct			
insulate			
insult			
insure			
integrate			
intend			
intensify			
inter			
interact			
interbreed	interbred	interbred	
intercede			
intercept			
interchange			
intercommunicate			
interconnect			
interdict			
interest			
interfere			
interject			
interlace			
interlard			
interleave			
interlink			
interlock			
intermarry			
intermingle			
intermix			
intern			
internalize			
internationalize			
interpellate			
interpolate			
interpose			
interpret			
interrelate			
interrogate			
interrupt			
intersect			
intersperse			
intertwine			
intervene			
interview			
interweave	(interwove interweaved)	interwoven	
intimate			
intimidate			
intone			
intoxicate			
intrench			
intrigue			
introduce			
introspect			
introvert			
intrude			
intuit			
inundate			
inure			
invade			
invalid			
invalidate			
inveigh			
inveigle			
invent			
invert			
invest			
investigate			
invigorate			
invite			
invoice			
invoke			
involve			
ionize			
irk			
iron			
irradiate			
irrigate			
irritate			
isolate			
issue			
italicize			
itch			
itemize			
iterate			
jab			
jabber			
jack			
jack-knife			
jag			
jail			
jam			
jampack			
jangle			
japan			
jar			
jaundice			
jaunt			
jaw			
jaywalk			
jazz			
jeer			
jell			
jelly			
jeopardize			
jerk			
jest			
jet			
jettison			
jewel			
jib			
jibe			
jig			
jiggle			
jilt			
jingle			
jive			
job			
jockey			
jog			
joggle			
join			
joint			
joke			
jolly			
jolt			
jostle			
jot			
journey			
joust			
judder			
judge			
jug			
juggle			
jumble			
jump			
junket			
justify			
jut			
juxtapose			
keel			
keen			
keep	kept	kept	
kennel			
key			
kick			
kid			
kidnap			
kill			
kindle			
kink			
kip			
kiss			
kit			
knead			
kneel		knelt	
knife			
knight			
knit			
knock			
knot			
know	knew	known	
knuckle			
kotow			
kowtow			
label	(labelled labeled)	(labelled labeled)	(labelling labeling)
labor			
labour			
lace			
lacerate			
lack			
lacquer			
ladder			
lade			
ladle			
lag			
laicize			
lam			
lamb			
lambaste			
lame			
lament			
laminate			
lampoon			
lance			
land			
landscape			
languish			
lap			
lapse			
lard			
lark			
lash			
lasso			
last			
latch			
lather			
laud			
laugh			
launch			
launder			
lave			
lavish			
lay	laid	laid	
layer			
laze			
leach			
lead	led	led	
leaf			
league			
leak			
lean			
leap	(leaped leapt)	(leaped leapt)	
leapfrog			
learn			
lease			
leave	left	left	
leaven			
lecture			
leer			
legalize			
legislate			
legitimatize			
lend	lent	lent	
lengthen			
lessen			
let	let	let	
levant			
level	(levelled leveled)	(levelled leveled)	(levelling leveling)
lever			
levitate			
levy			
liaise			
libel	(libelled libeled)	(libelled libeled)	(libelling libeling)
liberalize			
liberate			
licence			
license			
lick			
lie			lying
lift			
light	(lighted lit)	(lighted lit)	
lighten			
like			
liken			
lilt			
limber			
lime			
limit			
limn			
limp			
line			
linger			
link			
lionize			
lip-read			
liquefy			
liquidate			
liquidize			
lisp			
list			
listen			
lithograph			
litigate			
litter			
live			
liven			
load			
loaf			
loan			
loathe			
lob			
lobby			
localize			
locate			
lock			
lodge			
loft			
log			
loiter			
loll			
long			
look			
loom			
loop			
loose			
loosen			
loot			
lop			
lope			
lord			
lose	lost	lost	
lounge			
lour			
love			
low			
lower			
lubricate			
luff			
lug			
lull			
lumber			
lump			
lunch			
lunge			
lurch			
lure			
lurk			
lust			
luxuriate			
lynch			
macadamize			
macerate			
machine			
madden			
maffick			
magnetize			
magnify			
mail			
maim			
maintain			
major			
make	made	made	
malfunction			
malign			
malinger			
malt			
maltreat			
man			
manacle			
manage			
mandate			
maneuver			
mangle			
manhandle			
manicure			
manifest			
manifold			
manipulate			
manoeuvre			
mantle			
manufacture			
manumit			
manure			
map			
mar			
maraud			
march			
marinade			
marinate			
mark			
market			
maroon			
marry			
marshal			
martyr			
marvel	(marvelled marveled)	(marvelled marveled)	(marvelling marveling)
mash			
mask			
masquerade			
mass			
mass-produce			
massacre			
massage			
master			
mastermind			
masticate			
masturbate			
mat			
match			
mate			
materialize			
matriculate			
matter			
maturate			
mature			
maul			
maunder			
maximise			
maximize			
mean	meant	meant	
meander			
measure			
mechanize			
meddle			
mediate			
medicate			
meditate			
meet	met	met	
meld			
meliorate			
mellow			
melt			
memorialize			
memorize			
menace			
mend			
menstruate			
mention			
merge			
merit			
mesh			
mesmerize			
mess			
metal			
metamorphose			
mete			
metricize			
mew			
miaou			
miaow			
microfilm			
migrate			
mildew			
militate			
milk			
mill			
mime			
mimeograph			
mimic	mimicked	mimicked	mimicking
mince			
mind			
mine			
mingle			
miniaturize			
minimize			
minister			
mint			
minute			
mire			
mirror			
misadvise			
misapply			
misapprehend			
misappropriate			
misbehave			
miscalculate			
miscall			
miscarry			
miscast	miscast	miscast	
misconceive			
misconduct			
misconstrue			
miscount			
misdate			
misdeal	misdealt	misdealt	
misdirect			
misfire			
misgovern			
misguide			
mishandle			
misinform			
misinterpret			
misjudge			
mislay	mislaid	mislaid	
mislead	misled	misled	
mismanage			
misname			
misplace			
misprint			
mispronounce			
misquote			
misread	misread	misread	
misrepresent			
miss			
misspell			
misspend	misspent	misspent	
misstate			
mist			
mistake	mistook	mistaken	
mistime			
mistranslate			
mistrust			
misunderstand	misunderstood	misunderstood	
misuse			
mitigate			
mix			
mizzle			
moan			
mob			
mobilize			
mock			
model	(modelled modeled)	(modelled modeled)	(modelling modeling)
moderate			
modernize			
modify			
modulate			
moil			
moisten			
mold			
molder			
molest			
mollify			
mollycoddle			
molt			
monetize			
monitor			
monkey			
monopolize			
moo			
mooch			
moon			
moor			
mop			
mope			
moralize			
mortar			
mortgage			
mortice			
mortify			
mortise			
mosey			
mother			
mothproof			
motion			
motivate			
motor			
motorize			
mottle			
mould			
moulder			
moult			
mount			
mourn			
mouse			
mouth			
move			
mow			
muck			
mud			
muddle			
muddy			
muff			
muffle			
mug			
mulch			
mull			
multiply			
mumble			
mummify			
munch			
munition			
murder			
murmur			
muscle			
muse			
mushroom			
muss			
muster			
mute			
mutilate			
mutiny			
mutter			
muzzle			
mystify			
nab			
nag			
nail			
name			
name-drop			
nap			
narrate			
narrow			
nasalize			
nationalize			
natter			
naturalize			
nauseate			
navigate			
near			
necessitate			
neck			
need			
needle			
negate			
neglect			
negotiate			
neigh			
neighbor			
neighbour			
nest			
nestle			
net			
nettle			
neuter			
neutralize			
nibble			
nick			
nickel			
nickname			
niggle			
nip			
nod			
nominate			
nonplus	(nonplused nonplussed)	(nonplused nonplussed)	(nonplusing nonplussing)
noose			
normalize			
nose			
nosedive			
nosh			
notch			
note			
notice			
notify			
nourish			
nudge			
nullify			
numb			
number			
nurse			
nurture			
nuzzle			
obey			
obfuscate			
object			
obligate			
oblige			
obliterate			
obscure			
observe			
obsess			
obstruct			
obtain			
obtrude			
obviate			
occasion			
occupy			
occur			
offend			
offer			
officiate			
offset	offset	offset	
ogle			
oil			
okay			
omen			
omit			
ooze			
open			
operate			
opine			
oppose			
oppress			
opt			
orate			
orbit			
orchestrate			
ordain			
order			
organize			
orient			
orientate			
originate			
ornament			
orphan			
oscillate			
ossify			
ostracize			
ought	*NONE*	*NONE*	*NONE*
oust			
outbid	outbid	outbid	
outbrave			
outclass			
outdistance			
outdo	outdid	outdone	
outface			
outfight	outfought	outfought	
outfit			
outflank			
outfox			
outgrow	outgrew	outgrown	
outlast			
outlaw			
outline			
outlive			
outmaneuver			
outmanoeuvre			
outmarch			
outmatch			
outnumber			
outpace			
outperform			
outplay			
outpoint			
outrage			
outrange			
outrank			
outride	outrode	outridden	
outrun	outran	outrun	
outsail			
outshine	outshone	outshone	
outsmart			
outstay			
outstrip			
outvie			
outvote			
outwear	outwore	outworn	
outweigh			
outwit			
overact			
overarch			
overawe			
overbalance			
overbear	overbore	overborne	
overbid	overbid	overbid	
overbuild	overbuilt	overbuilt	
overburden			
overbuy	overbought	overbought	
overcharge			
overclothe			
overcloud			
overcome	overcame	overcome	
overcook			
overcrop			
overcrowd			
overdo	overdid	overdone	
overdraw	overdrew	overdrawn	
overdress			
overeat	overate	overeaten	
overemphasize			
overestimate			
overexert			
overexpose			
overfeed			
overflow			
overfly	overflew	overflown	
overhang	overhung	overhung	
overhaul			
overhear	overheard	overheard	
overheat			
overindulge			
overlap			
overlay	overlaid	overlaid	
overleap			
overlie	overlay	overlain	overlying
overload			
overlook			
overmaster			
overpay	overpaid	overpaid	
overplay			
overpower			
overpraise			
overprint			
overproduce			
overrate			
overreach			
overreact			
override	overrode	overridden	
overrule			
overrun	overran	overrun	
oversee	oversaw	overseen	overseeing
overshadow			
overshoot	overshot	overshot	
oversimplify			
oversleep	overslept	overslept	
overspend	overspent	overspent	
overstate			
overstay			
overstep			
overstock			
overstrain			
overtake	overtook	overtaken	
overtax			
overthrow	overthrew	overthrown	
overtop			
overtrump			
overturn			
overvalue			
overwhelm			
overwork			
owe			
own			
oxidize			
oxygenate			
oxygenize			
pace			
pacify			
pack			
package			
pad			
paddle			
padlock			
page			
pain			
paint			
pair			
pal			
palaver			
pale			
pall			
palliate			
palm			
palpitate			
palsy			
palter			
pamper			
pan			
pander			
panel	(panelled paneled)	(panelled paneled)	(panelling paneling)
panhandle			
panic	panicked	panicked	panicking
pant			
paper			
parachute			
parade			
parallel			
paralyse			
paralyze			
paraphrase			
parboil			
parcel	(parcelled parceled)	(parcelled parceled)	(parcelling parceling)
parch			
pardon			
pare			
park			
parley			
parody			
parole			
parry			
parse			
part			
partake	partook	partaken	
participate			
particularize			
partition			
partner			
pass			
paste			
pasteurize			
pasture			
pat			
patch			
patent			
patrol			
patronize			
patter			
pattern			
pauperize			
pause			
pave			
paw			
pawn			
pay	paid	paid	
peak			
peal			
pearl			
peck			
peculate			
pedal			
peddle			
pee			peeing
peek			
peel			
peep			
peer			
peeve			
peg			
pelletize			
pelt			
pen			
penalize			
pencil			
penetrate			
pension			
people			
pep			
pepper			
perambulate			
perceive			
perch			
percolate			
perfect			
perforate			
perform			
perfume			
peril			
perish			
perjure			
perk			
perm			
permeate			
permit			
permute			
perpetrate			
perpetuate			
perplex			
persecute			
persevere			
persist			
personalize			
personate			
personify			
perspire			
persuade			
pertain			
perturb			
peruse			
pervade			
pervert			
pester			
pestle			
pet			
peter			
petition			
petrify			
phase			
philander			
philosophize			
phone			
photocopy			
photograph			
photosensitize			
photostat			
phrase			
pick			
picket			
pickle			
picnic	picnicked	picnicked	picnicking
picture			
piddle			
piece			
pierce			
piffle			
pig			
pigeonhole			
pile			
pilfer			
pillage			
pillow			
pilot			
pimp			
pin			
pinch			
pine			
ping			
pinion			
pinnacle			
pinpoint			
pioneer			
pip			
pipe			
pique			
pirate			
pirouette			
piss			
pit			
pitch			
pitchfork			
pity			
pivot			
placard			
placate			
place			
plagiarize			
plague			
plait			
plan			
plane			
plank			
plant			
plash			
plaster			
plate			
play			
pleach			
plead			
please			
pleat			
pledge			
plight			
plod			
plonk			
plop			
plot			
plough			
plow			
pluck			
plug			
plumb			
plume			
plummet	(plummetted plummeted)	(plummetted plummeted)	(plummetting plummeting)
plump			
plunder			
plunge			
ply			
poach			
pocket			
pod			
point			
poise			
poison			
poke			
polarize			
poleax			
poleaxe			
police			
polish			
politicize			
politick			
poll			
pollard			
pollinate			
pollute			
pomade			
pommel			
ponder			
poniard			
pontificate			
pony			
pooh-pooh			
pool			
pop			
popularize			
populate			
pore			
port			
portend			
portion			
portray			
pose			
posit			
position			
possess			
post			
postdate			
postmark			
postpone			
postulate			
posture			
pot			
potter			
pouch			
pounce			
pound			
pour			
pout			
powder			
power			
power-dive			
powwow			
practice			
practise			
praise			
prance			
prate			
prattle			
prawn			
pray			
pre-empt			
pre-exist			
preach			
preachify			
prearrange			
precede			
precipitate			
preclude			
precoat			
preconceive			
predecease			
predestinate			
predestine			
predetermine			
predicate			
predict			
predigest			
predispose			
predominate			
preen			
prefabricate			
preface			
prefer			
prefigure			
prefix			
prefloat			
preheat			
prejudge			
prejudice			
prelude			
premeditate			
premise			
preoccupy			
preordain			
prepare			
prepay	prepaid	prepaid	
preponderate			
prepossess			
prerecord			
presage			
prescribe			
present			
preserve			
preside			
press			
pressure			
presume			
presuppose			
pretend			
prettify			
pretty			
prevail			
prevaricate			
prevent			
preview			
prey			
price			
prick			
prickle			
pride			
prim			
prime			
primp			
prink			
print			
privatize			
prize			
probate			
probe			
proceed			
process			
proclaim			
procrastinate			
procreate			
procure			
prod			
produce			
profane			
profess			
proffer			
profile			
profit			
profiteer			
prognosticate			
program			
programme			
progress			
prohibit			
project			
proliferate			
prolong			
promenade			
promise			
promote			
prompt			
promulgate			
pronounce			
proof			
proofread	proofread	proofread	
prop			
propagandize			
propagate			
propel			
prophesy			
propitiate			
proportion			
propose			
proposition			
propound			
prorogue			
proscribe			
prosecute			
proselytize			
prospect			
prosper			
prostitute			
prostrate			
protect			
protest			
protract			
protrude			
prove		(proved proven)	
provide			
provision			
provoke			
prowl			
prune			
pry			
psychoanalyse			
psychoanalyze			
publicize			
publish			
pucker			
puddle			
puff			
puke			
pull			
pullulate			
pulp			
pulsate			
pulse			
pulverize			
pummel	(pummelled pummeled)	(pummelled pummeled)	(pummelling pummeling)
pump			
pun			
punch			
punctuate			
puncture			
punish			
punt			
purchase			
purge			
purify			
purloin			
purport			
purr			
purse			
pursue			
purvey			
push			
pussyfoot			
put	put	put	
putrefy			
putt			
putter			
putty			
puzzle			
quack			
quadruple			
quadruplicate			
quaff			
quail			
quake			
qualify			
quantify			
quarantine			
quarrel	(quarrelled quarreled)	(quarrelled quarreled)	(quarrelling quarreling)
quarry			
quarter			
quash			
quaver			
queen			
quell			
quench			
query			
quest			
question			
queue			
quibble			
quick-freeze	(quick-freezed quick-froze)	(quick-freezed quick-frozen)	
quicken			
quiet			
quieten			
quilt			
quip	quipped	quipped	quipping
quit	quitted	quitted	quitting
quiver			
quiz	quizzed	quizzed	quizzing
quote			
rabbit			
race			
rack			
racket			
radiate			
raffle			
raft			
rag			
rage			
raid			
rail			
railroad			
rain			
raise			
rake			
rally			
ram			
ramble			
ramify			
ramp			
rampage			
range			
rank			
rankle			
ransack			
ransom			
rant			
rap			
rape			
rarefy			
rasp			
rat			
rate			
ratify			
ration			
rationalize			
rattle			
ravage			
rave			
ravel	(ravelled raveled)	(ravelled raveled)	(ravelling raveling)
ravish			
ray			
raze			
re-address			
re-count			
re-cover			
re-elect			
re-form			
re-join			
reach			
react			
reactivate			
read	read	read	
readjust			
readmit			
reaffirm			
realign			
realize			
reanimate			
reap			
reappear			
rear			
rearm			
rearrange			
reason			
reassemble			
reassert			
reassess			
reassign			
reassure			
reattribute			
rebel			
rebind	rebound	rebound	
rebody			
rebound			
rebuff			
rebuild	rebuilt	rebuilt	
rebuke			
rebut			
recall			
recant			
recap			
recapitalize			
recapitulate			
recapture			
recast	recast	recast	
recede			
receipt			
receive			
recess			
reciprocate			
recite			
reckon			
reclaim			
recline			
recognize			
recoil			
recollect			
recombine			
recommend			
recommit			
recompense			
reconcile			
recondition			
reconnoiter			
reconnoitre			
reconsecrate			
reconsider			
reconstruct			
reconvict			
record			
recount			
recoup			
recover			
recreate			
recriminate			
recruit			
rectify			
recuperate			
recur			
recurve			
recycle			
redact			
redden			
redecorate			
redeem			
redefine			
redeploy			
redesign			
redevelop			
rediscover			
redistribute			
redo	redid	redone	
redouble			
redound			
redraw			
redress			
reduce			
reduplicate			
reef			
reek			
reel			
reelect			
reemploy			
reexamine			
reface			
refashion			
refer			
referee			refereeing
refill			
refinance			
refine			
refit			
reflate			
reflect			
refloat			
refocus			
reforest			
reform			
refract			
refrain			
refresh			
refrigerate			
refuel	(refuelled refueled)	(refuelled refueled)	(refuelling refueling)
refund			
refurbish			
refurnish			
refuse			
refute			
regain			
regale			
regard			
regenerate			
regiment			
register			
regress			
regret			
regroup			
regularize			
regulate			
regurgitate			
rehabilitate			
rehash			
rehear	reheard	reheard	
rehearse			
rehouse			
reign			
reimburse			
rein			
reincarnate			
reinforce			
reinstate			
reinsure			
reintegrate			
reinterpret			
reintroduce			
reinvest			
reissue			
reiterate			
reject			
rejoice			
rejoin			
rejuvenate			
rekindle			
relapse			
relate			
relax			
relay	(relaid relayed)	(relaid relayed)	
release			
relegate			
relent			
relieve			
reline			
relinquish			
relish			
relive			
relocate			
rely			
remain			
remake	remade	remade	
remand			
remark			
remarry			
remedy			
remember			
remilitarize			
remind			
reminisce			
remit			
remodel	(remodelled remodeled)	(remodelled remodeled)	(remodelling remodeling)
remodify			
remold			
remonstrate			
remould			
remount			
remove			
remunerate			
rename			
rend	rent	rent	
render			
rendezvous			
renege			
renegotiate			
renew			
renounce			
renovate			
rent			
reoffer			
reopen			
reorganize			
reorient			
reorientate			
repackage			
repaint			
repair			
repatriate			
repay	repaid	repaid	
repeal			
repeat			
repel			
repent			
repine			
replace			
replant			
replay			
replenish			
reply			
repoint			
report			
repose			
repot			
reprehend			
represent			
repress			
reprieve			
reprimand			
reprint			
reproach			
reprobate			
reprocess			
reproduce			
reprogram			
reprove			
repudiate			
repulse			
repurchase			
repute			
request			
require			
requisition			
requite			
reread	reread	reread	
rerun	reran	reran	
reschedule			
rescind			
rescue			
research			
reseat			
reseed			
resell	resold	resold	
resemble			
resent			
reserve			
reset	reset	reset	
resettle			
reshape			
reshuffle			
reside			
resign			
resist			
resole			
resolve			
resonate			
resort			
resound			
respect			
respire			
respond			
rest			
restart			
restate			
restitute			
restock			
restore			
restrain			
restrict			
restructure			
restyle			
result			
resume			
resupply			
resurface			
resurrect			
resuscitate			
ret			
retail			
retain			
retake	retook	retaken	
retaliate			
retard			
retch			
retell	retold	retold	
rethink	rethought	rethought	
reticulate			
retire			
retool			
retort			
retouch			
retrace			
retract			
retrain			
retransmit			
retread			
retreat			
retrench			
retrieve			
retrograde			
retrogress			
return			
reunite			
rev	revved	revved	revving
revalue			
revamp			
reveal			
revel	(revelled reveled)	(revelled reveled)	(revelling reveling)
revenge			
reverberate			
revere			
reverence			
reverse			
revert			
review			
revile			
revise			
revisit			
revitalize			
revive			
revivify			
revoke			
revolt			
revolutionize			
revolve			
reward			
rewire			
reword			
rewrite	rewrote	rewritten	
rhapsodize			
rhyme			
rib			
rick			
ricochet			
rid	rid	rid	
riddle			
ride	rode	ridden	
ridge			
ridicule			
riffle			
rifle			
rig			
right			
rile			
rim			
ring	(rang ringed)	(rung ringed)	
rinse			
riot			
rip			
ripen			
riposte			
ripple			
rise	rose	risen	
risk			
rival			
rive			
rivet			
roam			
roar			
roast			
rob			
rock			
rocket			
roil			
roll			
romance			
romanticize			
romp			
roof			
rook			
room			
roost			
root			
rootle			
rope			
rosin			
rot			
rotate			
rouge			
rough			
rough-dry			
rough-house			
roughcast	roughcast	roughcast	
roughen			
round			
rouse			
rout			
route			
rove			
row			
rub			
rubber-stamp			
rubberize			
rubberneck			
ruck			
ruddle			
rue			
ruff			
ruffle			
ruin			
rule			
rumble			
ruminate			
rummage			
rumor			
rumour			
rumple			
run	ran	run	
rupture			
rush			
rust			
rusticate			
rustle			
rut			
saber			
sabotage			
sabre			
sack			
sacrifice			
sadden			
saddle			
safeguard			
sag			
sail			
salivate			
sallow			
sally			
salt			
salute			
salvage			
salve			
sample			
sanctify			
sanction			
sand			
sandblast			
sandpaper			
sandwich			
sap			
sate			
satiate			
satirize			
satisfy			
saturate			
sauce			
saunter			
saut_e	sauteed	sauteed	sauteing
savage			
save			
savor			
savour			
savvy			
saw			
say	said	said	
scald			
scale			
scallop			
scalp			
scamper			
scan			
scandalize			
scant			
scar			
scare			
scarify			
scatter			
scavenge			
scent			
schedule			
scheme			
school			
scintillate			
scoff			
scold			
scollop			
scoop			
scoot			
scorch			
score			
scorn			
scotch			
scour			
scourge			
scout			
scowl			
scrabble			
scrag			
scram			
scramble			
scrap			
scrape			
scratch			
scrawl			
scream			
screech			
screen			
screw			
scribble			
scrimmage			
scrimp			
scrounge			
scrub			
scrunch			
scruple			
scrutinize			
scud			
scuff			
scuffle			
scull			
sculpt			
sculpture			
scupper			
scurry			
scuttle			
seal			
seam			
sear			
search			
season			
seat			
secede			
seclude			
second			
secrete			
secularize			
secure			
sedate			
seduce			
see	saw	seen	seeing
seed			
seek	sought	sought	
seem			
seep			
seesaw			
seethe			
segment			
segregate			
seine			
seize			
select			
sell	sold	sold	
send	sent	sent	
sense			
sensitize			
sentence			
sentimentalize			
separate			
sequester			
sequestrate			
serenade			
serialize			
sermonize			
serve			
service			
set	set	set	
settle			
sever			
sew		(sewn sewed)	
sex			
shack			
shackle			
shade			
shadow			
shag			
shake	shook	shaken	
shallow			
sham			
shamble			
shame			
shampoo			
shanghai			
shape			
share			
sharpen			
shatter			
shave			
shear			
sheathe			
shed	shed	shed	
sheer			
shell			
shellac	shellacked	shellacked	shellacking
shelter			
shelve			
shepherd			
shield			
shift			
shillyshally			
shimmer			
shin			
shine	(shone shined)	(shone  shined)	
shingle			
ship			
shipwreck			
shirk			
shit			
shiver			
shoal			
shock			
shoe	shod	shod	shoeing
shoo			
shoot	shot	shot	
shop			
shoplift			
shore			
short			
short-change			
short-circuit			
shorten			
shortlist			
shoulder			
shout			
shove			
shovel	(shovelled shoveled)	(shovelled shoveled)	(shovelling shoveling)
show		(shown showed)	
shower			
shred			
shriek			
shrill			
shrimp			
shrine			
shrink	(shrank shrunk)	shrunk	
shrive			
shrivel	(shrivelled shriveled)	(shrivelled)	(shrivelling shriveling)
shroud			
shrug			
shuck			
shudder			
shuffle			
shun			
shunt			
shush			
shut	shut	shut	
shutter			
shuttle			
shy			
sicken			
side			
side-slip			
sidestep			
sidetrack			
sidle			
sieve			
sift			
sigh			
sight			
sign			
signal	(signalled signaled)	(signalled signaled)	(signalling signaling)
signalize			
signify			
signpost			
silence			
silhouette			
silt			
silver			
simmer			
simper			
simplify			
simulate			
sin			
sing	sang	sung	
singe			singeing
single			
singularize			
sink	sank	sunk	
sip			
siphon			
sire			
sit	sat	sat	
site			
situate			
size			
sizzle			
skate			
skedaddle			
sketch			
skew			
skewer			
ski			
skid			
skim			
skimp			
skin			
skip			
skipper			
skirmish			
skirt			
skitter			
skittle			
skulk			
skyrocket			
slack			
slacken			
slake			
slam			
slander			
slang			
slant			
slap			
slash			
slate			
slaughter			
slave			
slaver			
slay	slew	slain	
sledge			
sleek			
sleep	slept	slept	
sleet			
sleigh			
slenderize			
slew			
slice			
slide	slid	slid	
slight			
slim			
sling	slung	slung	
slink	slunk	slunk	
slip			
slit	slit	slit	
slither			
sliver			
slobber			
slog			
slop			
slope			
slosh			
slot			
slouch			
slough			
slow			
slue			
slug			
sluice			
slum			
slumber			
slump			
slur			
smack			
smart			
smarten			
smash			
smear			
smell	(smelled smelt)	(smelled smelt)	
smelt			
smile			
smirch			
smirk			
smite	smote	smitten	
smoke			
smolder			
smooth			
smother			
smoulder			
smudge			
smuggle			
smut			
snaffle			
snag			
snake			
snap			
snare			
snarl			
snatch			
sneak			
sneer			
sneeze			
snick			
snicker			
sniff			
sniffle			
snigger			
snip			
snipe			
snitch			
snivel	(snivelled sniveled)	(snivelled sniveled)	(snivelling sniveling)
snoop			
snooze			
snore			
snort			
snow			
snowball			
snowmobile			
snub			
snuff			
snuffle			
snuggle			
soak			
soap			
soar			
sob			
sober			
socialize			
sock			
sod			
soft-pedal			
soft-soap			
soft-solder			
soften			
soil			
sojourn			
solace			
solder			
soldier			
sole			
solemnize			
solicit			
solidify			
soliloquize			
solve			
somersault			
soot			
soothe			
sop			
sorrow			
sort			
sough			
sound			
soundproof			
soup			
sour			
souse			
sovietize			
sow			
space			
spade			
span			
spangle			
spank			
spar			
spare			
spark			
sparkle			
spat			
spatter			
spawn			
spay			
speak	spoke	spoken	
spear			
spearhead			
specialize			
specify			
speculate			
speechify			
speed	(speeded sped)	(speeded sped)	
spell			
spend	spent	spent	
spew			
spice			
spiel			
spike			
spill			
spin	(spun span)	spun	
spin-dry			
spiral	(spiralled spiraled)	(spiralled spiraled)	(spiralling spiraling)
spirit			
spiritualize			
spirt			
spit	(spat spit)	(spat spit)	
spite			
splash			
splay			
splice			
splinter			
split	split	split	
splosh			
splurge			
splutter			
spoil			
sponge			
sponsor			
spoof			
spook			
spoon			
spoonfeed	spoonfed	spoonfed	
sport			
spot			
spotlight	(spotlighted spotlit)	(spotlighted spotlit)	
spout			
sprain			
sprawl			
spray			
spread	spread	spread	
spreadeagle			
spring	sprang	sprung	
spring-clean			
sprinkle			
sprint			
sprout			
spruce			
spue			
spur			
spurn			
spurt			
sputter			
spy			
squabble			
squall			
squander			
square			
squash			
squat	squatted	squatted	squatting
squawk			
squeak			
squeal			
squeegee			squeegeeing
squeeze			
squelch			
squint			
squire			
squirm			
squirt			
stab			
stabilize			
stable			
stack			
staff			
stage			
stagger			
stagnate			
stain			
stake			
stale			
stalemate			
stalk			
stall			
stammer			
stamp			
stampede			
stanch			
stand	stood	stood	
standardize			
staple			
star			
starboard			
starch			
stare			
start			
startle			
starve			
stash			
state			
station			
staunch			
stave			
stay			
steady			
steal	stole	stolen	
steam			
steam-heat			
steamroller			
steel			
steep			
steepen			
steer			
stem			
stencil			
step			
stereotype			
sterilize			
stew			
stick	(sticked stuck)	(sticked stuck)	
stiffen			
stifle			
stigmatize			
still			
stimulate			
sting	stung	stung	
stink	(stank stunk)	stunk	
stint			
stipple			
stipulate			
stir			
stitch			
stock			
stockade			
stoke			
stomach			
stomp			
stone			
stonewall			
stooge			
stoop			
stop			
store			
storm			
stow			
straddle			
strafe			
straggle			
straighten			
strain			
straiten			
strand			
strangle			
strap			
stratify			
straw			
stray			
streak			
stream			
streamline			
strengthen			
stress			
stretch			
strew			
stride	strode	stridden	
stridulate			
strike	struck	struck	
string	strung	strung	
strip			
strive	strove	striven	
stroke			
stroll			
strop			
structure			
struggle			
strum			
strut			
stub			
stucco			
stud			
study			
stuff			
stultify			
stumble			
stump			
stun			
stunt			
stupefy			
stupify			
stutter			
style			
stylize			
stymie			stymieing
sub			
subcontract			
subdivide			
subdue			
subedit			
subject			
subjoin			
subjugate			
sublease			
sublet	sublet	sublet	
sublimate			
submerge			
submit			
subordinate			
suborn			
subpoena			
subscribe			
subserve			
subside			
subsidize			
subsist			
substantiate			
substitute			
subsume			
subtend			
subtract			
subvert			
succeed			
succor			
succour			
succumb			
suck			
suckle			
sue			
suffer			
suffice			
suffocate			
suffuse			
sugar			
suggest			
suit			
sulk			
sully			
sum			
summarize			
summer			
summon			
summons			
sun			
sunbathe			
sunder			
sup			
superannuate			
superimpose			
superintend			
supersede			
supervene			
supervise			
supplant			
supplement			
supplicate			
supply			
support			
suppose			
suppress			
suppurate			
surcharge			
surface			
surfeit			
surge			
surmise			
surmount			
surpass			
surprise			
surrender			
surround			
surtax			
survey			
survive			
suspect			
suspend			
suss			
sustain			
swab			
swaddle			
swagger			
swallow			
swamp			
swan			
swank			
swap			
swarm			
swat			
swathe			
sway			
swear	swore	sworn	
sweat			
sweep	swept	swept	
sweeten			
swell			
swelter			
swerve			
swig			
swill			
swim	swam	swum	
swindle			
swing	swung	swung	
swinge			swingeing
swipe			
swirl			
swish			
switch			
swivel	(swivelled swiveled)	(swivelled swiveled)	(swivelling swiveling)
swoon			
swoop			
swop			
swot			
syllabicate			
syllabify			
syllabize			
symbolize			
sympathize			
synchronize			
syncopate			
syndicate			
synthesize			
syphon			
syringe			
systematize			
table			
tabulate			
tack			
tackle			
tag			
tail			
tailor			
taint			
take	took	taken	
talk			
tally			
tame			
tamp			
tamper			
tan			
tangle			
tantalize			
tap			
tape			
taper			
tar			
target			
tarnish			
tarry			
taste			
tattle			
tattoo			
taunt			
tax			
taxi			
teach	taught	taught	
team			
tear	tore	torn	
tease			
tee			teeing
teem			
teeter			
teethe			
telecast	telecast	telecast	
teleconference			
telegraph			
telephone			
telescope			
televise			
tell	told	told	
temper			
temporize			
tempt			
tenant			
tend			
tender			
tense			
term			
terminate			
terrify			
terrorize			
test			
test-drive	(test-drived test-drove)	(test-drived test-drove)	
testify			
tether			
thank			
thatch			
thaw			
theorize			
thicken			
thieve			
thin			
think	thought	thought	
thirst			
thrash			
thread			
threaten			
thrill			
thrive			
throb			
throng			
throttle			
throw	threw	thrown	
thrum			
thrust	thrust	thrust	
thud			
thumb			
thump			
thwack			
thwart			
tick			
ticket			
tickle			
tide			
tidy			
tie			tying
tighten			
tile			
till			
tilt			
time			
ting			
tinge			
tingle			
tinker			
tinkle			
tinsel	(tinselled tinseled)	(tinselled tinseled)	(tinselling tinseling)
tint			
tip			
tipple			
tiptoe			tiptoeing
tire			
titillate			
titter			
tittle-tattle			
toady			
toast			
toboggan			
toddle			
toe			toeing
toil			
tolerate			
toll			
tone			
tool			
toot			
tootle			
top			
top-dress			
topple			
torment			
torpedo			
torture			
toss			
tot			
total	(totalled totaled)	(totalled totaled)	(totalling totaling)
tote			
totter			
touch			
touch-type			
toughen			
tour			
tousle			
tout			
tow			
towel	(towelled toweled)	(towelled toweled)	(towelling toweling)
tower			
toy			
trace			
track			
trade			
traduce			
traffic	trafficked	trafficked	trafficking
trail			
train			
traipse			
trammel	(trammelled trammeled)	(trammelled trammeled)	(trammelling trammeling)
tramp			
trample			
tranquilize			
tranquillize			
transact			
transcend			
transcribe			
transfer			
transfigure			
transfix			
transform			
transfuse			
transgress			
translate			
transliterate			
transmit			
transmogrify			
transmute			
transpire			
transplant			
transport			
transpose			
trap			
travel	(travelled traveled)	(travelled traveled)	(travelling traveling)
traverse			
tread	trod	(trodden trod)	
treasure			
treat			
treble			
trek	trekked	trekked	trekking
trellis			
tremble			
trench			
trend			
trepan			
trephine			
trespass			
trice			
trick			
trickle			
trifle			
trigger			
trill			
trim			
trip			
triple			
trisect			
triumph			
trivialize			
troll			
troop			
trot			
trouble			
trounce			
trudge			
true			
trump			
trumpet			
truncate			
trundle			
truss			
trust			
try			
tuck			
tug			
tumble			
tune			
tunnel	(tunnelled tunneled)	(tunnelled tunneled)	(tunnelling tunneling)
turf			
turn			
tussle			
tutor			
twang			
tweak			
tweet			
twiddle			
twig			
twin			
twine			
twinkle			
twirl			
twist			
twit			
twitch			
twitter			
type			
typecast	typecast	typecast	
typify			
tyrannize			
uglify			
ulcerate			
ululate			
umpire			
unbalance			
unbar			
unbend			
unbind	unbound	unbound	
unblock			
unbolt			
unbosom			
unbuckle			
unburden			
unbutton			
unchain			
uncork			
uncouple			
uncover			
uncross			
uncurl			
undeceive			
underact			
underbid	underbid	underbid	
undercharge			
undercut	undercut	undercut	
underestimate			
underexpose			
undergo	underwent	undergone	
underlie	underlay	underlain	underlying
underline			
undermine			
underpay	underpaid	underpaid	
underpin			
underquote			
underrate			
underscore			
undersell	undersold	undersold	
undershoot	undershot	undershot	
undersign			
underspend	underspent	underspent	
understand	understood	understood	
understate			
understock			
understudy			
undertake	undertook	undertaken	
undervalue			
underwrite	underwrote	underwritten	
undo	undid	undone	
undock			
undress			
undulate			
unearth			
unfasten			
unfit			
unfold			
unfrock			
unfurl			
unhand			
unhinge			
unhitch			
unhook			
unhorse			
unify			
unionize			
unite			
unlace			
unlearn			
unleash			
unload			
unlock			
unloose			
unman			
unmask			
unnerve			
unpack			
unpick			
unplug			
unravel	(unravelled unraveled)	(unravelled unraveled)	(unravelling unraveling)
unroll			
unsaddle			
unscramble			
unscrew			
unseat			
unsettle			
unsex			
unsheathe			
untie			(untying untieing)
unveil			
unwind	unwound	unwound	
unwrap			
unzip			
up	upped	upped	upping
upbraid			
update			
upgrade			
uphold	upheld	upheld	
upholster			
uplift			
uproot			
upset	upset	upset	
upstage			
urbanize			
urge			
urinate			
use			
usher			
usurp			
utilize			
utter			
vacate			
vacation			
vaccinate			
vacillate			
valet			
validate			
value			
vamoose			
vamp			
vanish			
vanquish			
vaporize			
varnish			
vary			
vault			
vaunt			
veer			
vegetate			
veil			
vend			
venerate			
vent			
ventilate			
venture			
verbalize			
verge			
verify			
vest			
vet			
veto			
vex			
vibrate			
victimize			
videotape			
vie			vying
view			
vilify			
vindicate			
violate			
visit			
visualize			
vitalize			
vitiate			
vitrify			
vituperate			
vivisect			
vocalize			
vociferate			
voice			
void			
volley			
volunteer			
vomit			
vote			
vouch			
vouchsafe			
vow			
voyage			
vulcanize			
vulgarize			
wad			
waddle			
wade			
waffle			
waft			
wag			
wage			
wager			
waggle			
wail			
wait			
waive			
wake	(woke waked)	(woken waked woke)	
waken			
walk			
wall			
wallop			
wallow			
waltz			
wander			
wane			
wangle			
want			
war			
warble			
ward			
warm			
warn			
warp			
warrant			
wash			
waste			
watch			
water			
waterproof			
wave			
waver			
wax			
waylay	waylaid	waylaid	
weaken			
wean			
wear	wore	worn	
weary			
weather			
weave	wove	woven	
wed			
wedge			
weed			
weekend			
weep	wept	wept	
weigh			
weight			
welcome			
weld			
well			
welsh			
wend			
westernize			
wet			
whack			
whale			
wheedle			
wheel			
wheeze			
whelp			
whet			
while			
whimper			
whine			
whinny			
whip			
whir			
whirl			
whirr			
whisk			
whisper			
whistle			
whiten			
whitewash			
whittle			
whiz			
whoop			
widen			
wield			
wiggle			
will			
wilt			
wimp			
win	won	won	
wince			
wind	(winded wound)	(winded wound)	
wine			
wing			
wink			
winnow			
winter			
wipe			
wire			
wiretap			
wisecrack			
wish			
withdraw	withdrew	withdrawn	
wither			
withhold	withheld	withheld	
withstand	withstood	withstood	
witness			
wobble			
wolf			
womanize			
wonder			
woo			
word			
work	(worked wrought)	(worked wrought)	
worm			
worry			
worsen			
worship			
wound			
wrangle			
wrap			
wreak			
wreathe			
wreck			
wrench			
wrest			
wrestle			
wriggle			
wring	wrung	wrung	
wrinkle			
write	wrote	written	
writhe			
wrong			
yacht			
yammer			
yank			
yap	yapped	yapped	yapping
yawn			
yearn			
yell			
yellow			
yelp			
yield			
yodel	(yodelled yodeled)	(yodelled yodeled)	(yodelling yodeling)
yoke			
zap			
zero			
zigzag			
zip			
zone			
zoom			
